标题,价格,销量
万代拼装 RG 1/144 闪光高达 机动武斗传 G高达多蒙卡修 拼装模型,119.00,本店已拼5.5万
万代 61601 RG 16 MSM-07S 夏亚专用 红魔蟹高达 拼装模型,103.50,本店已拼3.1万
万代 RG 14 1/144 强袭自由高达 SEED DESTIN 拼装模型,128.00,本店已拼16万+
万代 RG 28 1/144 多鲁基斯 托鲁基斯 EW 高达拼装模型,130.00,本店已拼1.2万
顺丰包邮万代 RG 1/144 RX-78-2 高达 元祖 Ver.2.0 拼装模型,175.00,本店已拼8784
万代pb限定 rg 1/144 强袭高达 未启动配色 拼装模型,119.16,全店好评102条
万代 RG 09 正义1/144 Justice Gundam 阿斯兰 高达拼装模型可动,97.81,本店已拼1863
万代 修复版 RGU RX-78-2 高达元祖 VER 2.0 拼装模型,176.00,本店已拼2977
万代 RG 15 1/144 OO EXIA 能天使 Gundam 高达 拼装 模型,122.00,本店已拼2325
万代 RG 21 1/144 OO量子 OOQ QAN[T] 00Q 高达 拼装 模型,127.00,店铺好评10万+条
万代拼装 RG 30 1/144 全装独角兽 绿骨架 高达拼装模型,209.00,本店已拼5.5万
万代 RG 37 神高达 机动武斗传 GOD G高达 多蒙卡修 拼装模型玩具,166.50,本店已拼7183
万代 RG 25 1/144 独角兽高达 通常版 UNICORN RX-0 高达拼装模型,160.00,本店已拼1639
万代RG 18 OO RAISER 高达 00R 升降机 1/144 拼装模型 现货,147.00,本店已拼15.9万+
万代 RG 1/144 艾比安高达 癌变 高达W 拼装模型,195.00,本店已拼883
万代高达模型RG32牛高达1/144 RX-93 NU V阿姆罗专用日本敢达现货,222.00,本店已拼11.9万+
万代 RG 14 1/144 强袭自由高达 SEED DESTIN 拼装模型,128.00,本店已拼1.1万
PB 万代模型 RG 1/144 命运高达 未启动模式,131.40,已抢10件
万代高达拼装模型 RG 32 1/144 机动战士 V Nu RX-93 牛高达,216.00,本店已拼4233
万代 RG 25 1/144 独角兽高达 通常版 UNICORN RX-0 高达拼装模型,162.00,本店已拼5262
"353,万代Rg能天使 R4手型",20.00,本店已拼4.2万
万代 RG 07 1/144 RX-178 MK2 高达 泰坦斯 黑兔 拼装模型,148.00,本店已拼2300
万代拼装 新机动战记W RG 1/144 043 飞翼零式高达 拼装模型,183.00,本店已拼5.5万
万代 现货PB限定RG 1/144 空装脉冲高达 脉冲未启动模式 拼装模型,170.00,本店已拼2252
万代 拼装模型 RG 21 1/144 OO 00 量子 00Q OOQ 高达 现货,126.00,本店已拼5520
现货 万代 RG 07 黑MK-Ⅱ高达 泰坦斯MK2 黑兔 再版,150.00,本店已拼2.8万
顺丰 万代 PB限定 RG1/144 空装 脉冲高达 未启动色 拼装模型,170.00,本店已拼563
现货 万代 RG 1/144 00敢达 Seven Sword 00七剑 7剑高达模型拼装,182.00,本店已拼1820
万代 PB限定 RG 1/144 金色异端高达·天 高达拼装模型,180.00,本店已拼1.1万
万代pb限定 rg 1/144 强袭高达 未启动配色 拼装模型,119.16,本店已拼1302
万代RG 命运高达 ZGMF-X42S 真飞鸟 1/144 拼装模型 SEED 现货,112.00,本店已拼15.9万+
万代 PB限定 RG 1/144 金色异端 金迷惘高达 拼装 正版 高达模型,135.00,本店已拼4103
万代 RG 1/144 高达武斗传 神高达 一番赏B赏 半彩透 拼装,281.00,本店已拼3747
顺丰 万代 RG1/144 彩透福冈沙扎比 高达拼装模型 彩色透明,531.80,本店已拼9921
现货 万代 PB限定 RG 1/144 能天使 R4 高达00 拼装模型,249.00,本店已拼1.8万
现货 PB 万代模型 RG 1/144 00高达 七剑 Seven Sword,187.00,本店已拼629
万代RG初音PB元祖限定2.0RX78未来高达Ver模型拼装,238.00,本店已拼254
现货 万代 RG 1/144 MS-06S 夏亚专用扎古 红扎古2 高达 拼装模型,116.00,本店已拼1万
万代 RG 43 1/144 飞翼高达 飞翼零式 高达W 拼装模型,185.00,本店已拼8.3万
现货万代 PB限定 RG 1/144 能天使R4 格拉汉姆高达 拼装高达模型,242.00,本店已拼41
万代高达模型 PB限定 RG 1/144剑装巨剑脉冲2 拼装模型,204.00,已抢10件
万代 机动战士 RG 1/48 AV-98plus 英格拉姆plus 拼装模型,285.10,本店已拼3.2万
万代 RG 1/144 能天使高达 R4 修复型 高达00 刹那 PB 拼装模型,247.00,本店已拼5247
现货 万代 RG 36 1/144 Hi-v 海牛高达 RX-93-V2 阿姆罗 拼装模型,240.00,本店已拼11.9万+
万代RG 1/144自由高达 未启动配色模式 PB配色限定拼装模型,130.50,本店已拼1302
万代 RG 20 1/144 飞翼高达 EW版 无毛 高达W XXXG-01W 拼装模型,107.90,本店已拼5.7万
万代 RG 1/144 神高达 G高达 机动武斗传 武神传 拼装 模型 现货,160.00,本店已拼6658
现货 万代 RG 29 1/144 沙扎比 SAZABI MSN-04 高达正版拼装模型,210.00,本店已拼11.9万+
万代 RG 18 1/144 高达00 00R 00 RAISER 双零 升降机 拼装模型,148.90,本店已拼5.4万
万代 RG 1/144 多鲁基斯3 OZ-00MS2B 托鲁基斯3 PB限定 高达 模型,235.00,本店已拼1980
万代 现货PB限定RG 1/144 空装脉冲高达 脉冲未启动模式 拼装模型,171.00,已抢14件
万代 RG 1/144 海牛高达 Hi-v 阿姆罗 逆袭的夏亚 拼装模型,230.90,本店已拼5779
现货 万代 RG 1/144 高达00 七剑 Seven Sword PB限定 拼装模型,182.00,本店已拼84
万代 63085 RG 28 1/144 多鲁基斯 托鲁杰斯 基斯 拼装模型,130.90,本店已拼3.1万
万代 RG 23 1/144 创战者 全装备扩展 创制强袭 高达 拼装模型,110.00,本店已拼49.1万+
万代 拼装模型 RG 02 机动战士高达 夏亚专用渣古2  MS-06S ZAKU,107.80,本店已拼11.9万+
万代 高达基地限定 RG 自由高达 Ver.GCP未启动形态,234.00,已抢18件
现货 万代 RG 1/144 海牛高达 牛高达 Hi-v 阿姆罗 拼装 模型,244.00,本店已拼3.4万
万代RGPB限定144机动金色异端SEED高达拼装炮击模型,130.00,本店已拼7945
